{
 "00": [ 34.336138412413128 ,-116.562371167521917 ]  ,
 "16": [ 25.941992862100989, -100.837135981799818 ]  ,
 "09": [ 27.87960867902769 , -105.679448239541017 ]  ,
 "08": [ 30.02546093740175 , -107.023728094314166 ]  ,
 "11": [ 25.750695207272944, -104.347371003672194 ]  ,
 "03": [ 27.926672694974798, -109.264442512882312 ]  ,
 "04": [ 26.359991357978618, -108.055336074072329 ]  ,
 "01": [ 30.246613308670913, -111.478678256014064 ]  ,
 "02": [ 30.564412037261359, -109.661854331933213 ]  ,
 "07": [ 31.403596718819287, -107.11382164561428  ]  ,
 "10": [ 24.241597580134449, -104.475760946556747 ]  ,
 "05": [ 24.802417760602506, -106.77805955017115  ]  ,
 "17": [ 24.847850842553182, -101.98999660886102  ]  ,
 "25": [ 22.998138009536973, -100.805032830563789 ]  ,
 "22": [ 21.086777871492828, -104.849281152744112 ]  ,
 "06": [ 23.044388189914464, -105.654740562834945 ]  ,
 "18": [ 22.85354043665123 , -99.214847767045939  ]  ,
 "30": [ 20.343434371160406, -100.014308698619899 ]  ,
 "26": [ 20.012979079158818, -101.44172288183232  ]  ,
 "23": [ 20.072620231897389, -102.905883579477361 ]  ,
 "20": [ 21.43525557635931 , -98.743911547833989  ]  ,
 "28": [ 18.759713654762525, -101.010112695641112 ]  ,
 "24": [ 22.473921461191249, -102.561072527929213 ]  ,
 "27": [ 18.638836450100033, -103.331023714440278 ]  ,
 "31": [ 18.780752700595229, -99.358452730810271  ]  ,
 "29": [ 17.613567625485238, -101.007936559726005 ]  ,
 "34": [ 17.892611342125186, -97.731435061822808  ]  ,
 "19": [ 23.557935749980544, -98.357155171618786  ]  ,
 "35": [ 16.676054729696606, -98.120558172623859  ]  ,
 "32": [ 20.166997065141839, -97.63649672253635   ]  ,
 "33": [ 18.768962952309153, -96.303350185844693  ]  ,
 "36": [ 17.207614484512227,  -95.978571179714308 ]  ,
 "40": [ 16.114288860809246, -95.693002115853261  ]  ,
 "37": [ 17.982741119133049, -94.58661442609403   ]  ,
 "39": [ 16.103555824290357, -92.910367521670537  ]  ,
 "38": [ 17.754934693725257, -92.387537405204839  ]  ,
 "41": [ 18.73760112573682 , -90.345526201965271  ]  ,
 "44": [ 18.928733022006416, -89.042352928811823  ]  ,
 "43": [ 20.644293318656896, -87.732766065156738  ]  ,
 "42": [ 20.678941776959711, -89.314264170456454  ]  ,
 "45": [ 20.449395627418866, -86.894737047688082  ]  ,
 "12": [ 28.506387750735094, -101.55319498073969  ]  ,
 "14": [ 25.569835059169474, -99.059831399803969  ]  ,
 "21": [ 24.743955635327506, -99.44869900270433   ]  ,
 "13": [ 27.068475838313244, -99.89303819533761   ]  ,
 "15": [ 25.50086813256069,  -97.750539380656008  ]  ,
 "52": [ 23.371473250798743, -109.880658781231674 ]  ,
 "51": [ 24.400129304209788, -111.020679592624589 ]  ,
 "50": [ 25.701762115599628, -111.711889076161526 ]  ,
 "53": [ 27.660214959194104, -113.388623201141016 ]  ,
 "47": [ 31.142213579516948, -115.693875769914669 ]  ,
 "46": [ 32.391029767557036, -116.475961260747852 ]  ,
 "48": [ 32.254317971799608, -115.41052744001091  ]  ,
 "49": [ 32.113661090278185, -114.325444523754328 ] }
